sheet	cell	formula	description
Ficha Padrão	AC12	=(D10-44683)+P12-1	calculo aritmetico
Ficha Padrão	AC77	=IFERROR(VLOOKUP((I77/G77),$AG$77:$AG$86,1,0),$AG$76)	se der erro usa valor alternativo; procura valor em tabela e retorna coluna
Ficha Padrão	AC78	=IFERROR(VLOOKUP((I78/G78),$AG$77:$AG$86,1,0),$AG$76)	se der erro usa valor alternativo; procura valor em tabela e retorna coluna
Ficha Padrão	AC79	=IFERROR(VLOOKUP((I79/G79),$AG$77:$AG$86,1,0),$AG$76)	se der erro usa valor alternativo; procura valor em tabela e retorna coluna
Ficha Padrão	AC80	=IFERROR(VLOOKUP((I80/G80),$AG$77:$AG$86,1,0),$AG$76)	se der erro usa valor alternativo; procura valor em tabela e retorna coluna
Ficha Padrão	AC81	=IFERROR(VLOOKUP((I81/G81),$AG$77:$AG$86,1,0),$AG$76)	se der erro usa valor alternativo; procura valor em tabela e retorna coluna
Ficha Padrão	AC82	=IFERROR(VLOOKUP((I82/G82),$AG$77:$AG$86,1,0),$AG$76)	se der erro usa valor alternativo; procura valor em tabela e retorna coluna
Ficha Padrão	AC83	=IFERROR(VLOOKUP((I83/G83),$AG$77:$AG$86,1,0),$AG$76)	se der erro usa valor alternativo; procura valor em tabela e retorna coluna
Ficha Padrão	AC84	=IFERROR(VLOOKUP((I84/G84),$AG$77:$AG$86,1,0),$AG$76)	se der erro usa valor alternativo; procura valor em tabela e retorna coluna
Ficha Padrão	AC85	=IFERROR(VLOOKUP((I85/G85),$AG$77:$AG$86,1,0),$AG$76)	se der erro usa valor alternativo; procura valor em tabela e retorna coluna
Ficha Padrão	AC86	=IFERROR(VLOOKUP((I86/G86),$AG$77:$AG$86,1,0),$AG$76)	se der erro usa valor alternativo; procura valor em tabela e retorna coluna
Ficha Padrão	AC87	=IFERROR(VLOOKUP((I87/G87),$AG$77:$AG$86,1,0),$AG$76)	se der erro usa valor alternativo; procura valor em tabela e retorna coluna
Ficha Padrão	AC88	=IFERROR(VLOOKUP((I88/G88),$AG$77:$AG$86,1,0),$AG$76)	se der erro usa valor alternativo; procura valor em tabela e retorna coluna
Ficha Padrão	AC89	=IFERROR(VLOOKUP((I89/G89),$AG$77:$AG$86,1,0),$AG$76)	se der erro usa valor alternativo; procura valor em tabela e retorna coluna
Ficha Padrão	AC90	=IFERROR(VLOOKUP((I90/G90),$AG$77:$AG$86,1,0),$AG$76)	se der erro usa valor alternativo; procura valor em tabela e retorna coluna
Ficha Padrão	AC91	=IFERROR(VLOOKUP((I91/G91),$AG$77:$AG$86,1,0),$AG$76)	se der erro usa valor alternativo; procura valor em tabela e retorna coluna
Ficha Padrão	AC92	=IFERROR(VLOOKUP((I92/G92),$AG$77:$AG$86,1,0),$AG$76)	se der erro usa valor alternativo; procura valor em tabela e retorna coluna
Ficha Padrão	AC93	=IFERROR(VLOOKUP((I93/G93),$AG$77:$AG$86,1,0),$AG$76)	se der erro usa valor alternativo; procura valor em tabela e retorna coluna
Ficha Padrão	AC94	=IFERROR(VLOOKUP((I94/G94),$AG$77:$AG$86,1,0),$AG$76)	se der erro usa valor alternativo; procura valor em tabela e retorna coluna
Ficha Padrão	AC95	=IFERROR(VLOOKUP((I95/G95),$AG$77:$AG$86,1,0),$AG$76)	se der erro usa valor alternativo; procura valor em tabela e retorna coluna
Ficha Padrão	AC96	=IFERROR(VLOOKUP((I96/G96),$AG$77:$AG$86,1,0),$AG$76)	se der erro usa valor alternativo; procura valor em tabela e retorna coluna
Ficha Padrão	AC97	=IFERROR(VLOOKUP((I97/G97),$AG$77:$AG$86,1,0),$AG$76)	se der erro usa valor alternativo; procura valor em tabela e retorna coluna
Ficha Padrão	AC98	=IFERROR(VLOOKUP((I98/G98),$AG$77:$AG$86,1,0),$AG$76)	se der erro usa valor alternativo; procura valor em tabela e retorna coluna
Ficha Padrão	AC99	=IFERROR(VLOOKUP((I99/G99),$AG$77:$AG$86,1,0),$AG$76)	se der erro usa valor alternativo; procura valor em tabela e retorna coluna
Ficha Padrão	AD77	=B77&$E$16	concatena valores
Ficha Padrão	AD78	=B78&$E$16	concatena valores
Ficha Padrão	AD79	=B79&$E$16	concatena valores
Ficha Padrão	AD80	=B80&$E$16	concatena valores
Ficha Padrão	AD81	=B81&$E$16	concatena valores
Ficha Padrão	AD82	=B82&$E$16	concatena valores
Ficha Padrão	AD83	=B83&$E$16	concatena valores
Ficha Padrão	AD84	=B84&$E$16	concatena valores
Ficha Padrão	AD85	=B85&$E$16	concatena valores
Ficha Padrão	AD86	=B86&$E$16	concatena valores
Ficha Padrão	AD87	=B87&$E$16	concatena valores
Ficha Padrão	AD88	=B88&$E$16	concatena valores
Ficha Padrão	AD89	=B89&$E$16	concatena valores
Ficha Padrão	AD90	=B90&$E$16	concatena valores
Ficha Padrão	AD91	=B91&$E$16	concatena valores
Ficha Padrão	AD92	=B92&$E$16	concatena valores
Ficha Padrão	AD93	=B93&$E$16	concatena valores
Ficha Padrão	AD94	=B94&$E$16	concatena valores
Ficha Padrão	AD95	=B95&$E$16	concatena valores
Ficha Padrão	AD96	=B96&$E$16	concatena valores
Ficha Padrão	AD97	=B97&$E$16	concatena valores
Ficha Padrão	AD98	=B98&$E$16	concatena valores
Ficha Padrão	AD99	=B99&$E$16	concatena valores
Ficha Padrão	AE91	=(AE90*AF91)/AF90	calculo aritmetico
Ficha Padrão	AG78	=AG77+1	calculo aritmetico
Ficha Padrão	AG79	=AG78+1	calculo aritmetico
Ficha Padrão	AG80	=AG79+1	calculo aritmetico
Ficha Padrão	AG81	=AG80+1	calculo aritmetico
Ficha Padrão	AG82	=AG81+1	calculo aritmetico
Ficha Padrão	AG83	=AG82+1	calculo aritmetico
Ficha Padrão	AG84	=AG83+1	calculo aritmetico
Ficha Padrão	AG85	=AG84+1	calculo aritmetico
Ficha Padrão	AG86	=AG85+1	calculo aritmetico
Ficha Padrão	AK78	=AK77+1	calculo aritmetico
Ficha Padrão	AK79	=AK78+1	calculo aritmetico
Ficha Padrão	AK80	=AK79+1	calculo aritmetico
Ficha Padrão	AK81	=AK80+1	calculo aritmetico
Ficha Padrão	AK82	=AK81+1	calculo aritmetico
Ficha Padrão	AK83	=AK82+1	calculo aritmetico
Ficha Padrão	AK84	=AK83+1	calculo aritmetico
Ficha Padrão	AK85	=AK84+1	calculo aritmetico
Ficha Padrão	AK86	=AK85+1	calculo aritmetico
Ficha Padrão	AK87	=AK86+1	calculo aritmetico
Ficha Padrão	AK88	=AK87+1	calculo aritmetico
Ficha Padrão	AK89	=AK88+1	calculo aritmetico
Ficha Padrão	AK90	=AK89+1	calculo aritmetico
Ficha Padrão	AK91	=AK90+1	calculo aritmetico
Ficha Padrão	AK92	=AK91+1	calculo aritmetico
Ficha Padrão	AK93	=AK92+1	calculo aritmetico
Ficha Padrão	AK94	=AK93+1	calculo aritmetico
Ficha Padrão	AK95	=AK94+1	calculo aritmetico
Ficha Padrão	AK96	=AK95+1	calculo aritmetico
Ficha Padrão	AK97	=AK96+1	calculo aritmetico
Ficha Padrão	AK98	=AK97+1	calculo aritmetico
Ficha Padrão	AK99	=AK98+1	calculo aritmetico
Ficha Padrão	AM62	=IF(AND($J$72>=AN62,AN72>$AK$62),$AJ$62,$AJ$63)	condicional (se ... entao ... senao ...)
Ficha Padrão	AM63	=IF(AND($J$72>=AN63,AN72>$AK$63),$AJ$62,$AJ$63)	condicional (se ... entao ... senao ...)
Ficha Padrão	AM64	=IF(AND($J$72>=AN64,AN72>$AK$64),$AJ$62,$AJ$63)	condicional (se ... entao ... senao ...)
Ficha Padrão	AM66	=IF(AND($J$72>=AN66,AN72>$AK$66),$AJ$62,$AJ$63)	condicional (se ... entao ... senao ...)
Ficha Padrão	AM67	=IF(AND($J$72>=AN67,AN72>$AK$67),$AJ$62,$AJ$63)	condicional (se ... entao ... senao ...)
Ficha Padrão	AM68	=IF(AND($J$72>=AN68,AN72>$AK$68),$AJ$62,$AJ$63)	condicional (se ... entao ... senao ...)
Ficha Padrão	AM69	=IF(AND($J$72>=AN69,AN72>$AK$69),$AJ$62,$AJ$63)	condicional (se ... entao ... senao ...)
Ficha Padrão	AM70	=IF(AND($J$72>=AN70,AN72>$AK$70),$AJ$62,$AJ$63)	condicional (se ... entao ... senao ...)
Ficha Padrão	AM71	=IF(AND($J$72>=AN71,AN72>$AK$71),$AJ$62,$AJ$63)	condicional (se ... entao ... senao ...)
Ficha Padrão	AN62	=AN74*$AK$62	calculo aritmetico
Ficha Padrão	AN63	=AN74*$AK$63	calculo aritmetico
Ficha Padrão	AN64	=AN74*$AK$64	calculo aritmetico
Ficha Padrão	AN66	=AN74*$AK$66	calculo aritmetico
Ficha Padrão	AN67	=AN74*$AK$67	calculo aritmetico
Ficha Padrão	AN68	=AN74*$AK$68	calculo aritmetico
Ficha Padrão	AN69	=AN74*$AK$69	calculo aritmetico
Ficha Padrão	AN70	=AN74*$AK$70	calculo aritmetico
Ficha Padrão	AN71	=AN74*$AK$71	calculo aritmetico
Ficha Padrão	AN72	=$J$72/AN74	calculo aritmetico
Ficha Padrão	AN77	=IFERROR(VLOOKUP($AJ$62,AM62:AN71,2,0),$AJ$63)	se der erro usa valor alternativo; procura valor em tabela e retorna coluna
Ficha Padrão	AN78	=$AN$77	expressao direta
Ficha Padrão	AN79	=$AN$77	expressao direta
Ficha Padrão	AN80	=$AN$77	expressao direta
Ficha Padrão	AN81	=$AN$77	expressao direta
Ficha Padrão	AN82	=$AN$77	expressao direta
Ficha Padrão	AN83	=$AN$77	expressao direta
Ficha Padrão	AN84	=$AN$77	expressao direta
Ficha Padrão	AN86	=$AN$77	expressao direta
Ficha Padrão	AN87	=$AN$77	expressao direta
Ficha Padrão	AN88	=$AN$77	expressao direta
Ficha Padrão	AN90	=$AN$77	expressao direta
Ficha Padrão	AN91	=$AN$77	expressao direta
Ficha Padrão	AN92	=$AN$77	expressao direta
Ficha Padrão	AN93	=$AN$77	expressao direta
Ficha Padrão	AN95	=$AN$77	expressao direta
Ficha Padrão	AN96	=$AN$77	expressao direta
Ficha Padrão	AN98	=$AN$77	expressao direta
Ficha Padrão	AN99	=$AN$77	expressao direta
Ficha Padrão	AO62	=IF(AND($J$72>=AP62,AP72>$AK$62),$AJ$62,$AJ$63)	condicional (se ... entao ... senao ...)
Ficha Padrão	AO63	=IF(AND($J$72>=AP63,AP72>$AK$63),$AJ$62,$AJ$63)	condicional (se ... entao ... senao ...)
Ficha Padrão	AO64	=IF(AND($J$72>=AP64,AP72>$AK$64),$AJ$62,$AJ$63)	condicional (se ... entao ... senao ...)
Ficha Padrão	AO66	=IF(AND($J$72>=AP66,AP72>$AK$66),$AJ$62,$AJ$63)	condicional (se ... entao ... senao ...)
Ficha Padrão	AO67	=IF(AND($J$72>=AP67,AP72>$AK$67),$AJ$62,$AJ$63)	condicional (se ... entao ... senao ...)
Ficha Padrão	AO68	=IF(AND($J$72>=AP68,AP72>$AK$68),$AJ$62,$AJ$63)	condicional (se ... entao ... senao ...)
Ficha Padrão	AO69	=IF(AND($J$72>=AP69,AP72>$AK$69),$AJ$62,$AJ$63)	condicional (se ... entao ... senao ...)
Ficha Padrão	AO70	=IF(AND($J$72>=AP70,AP72>$AK$70),$AJ$62,$AJ$63)	condicional (se ... entao ... senao ...)
Ficha Padrão	AO71	=IF(AND($J$72>=AP71,AP72>$AK$71),$AJ$62,$AJ$63)	condicional (se ... entao ... senao ...)
Ficha Padrão	AP62	=AP74*$AK$62	calculo aritmetico
Ficha Padrão	AP63	=AP74*$AK$63	calculo aritmetico
Ficha Padrão	AP64	=AP74*$AK$64	calculo aritmetico
Ficha Padrão	AP66	=AP74*$AK$66	calculo aritmetico
Ficha Padrão	AP67	=AP74*$AK$67	calculo aritmetico
Ficha Padrão	AP68	=AP74*$AK$68	calculo aritmetico
Ficha Padrão	AP69	=AP74*$AK$69	calculo aritmetico
Ficha Padrão	AP70	=AP74*$AK$70	calculo aritmetico
Ficha Padrão	AP71	=AP74*$AK$71	calculo aritmetico
Ficha Padrão	AP72	=$J$72/AP74	calculo aritmetico
Ficha Padrão	AP77	=IFERROR(VLOOKUP($AJ$62,AO62:AP71,2,0),$AJ$63)	se der erro usa valor alternativo; procura valor em tabela e retorna coluna
Ficha Padrão	AP78	=$AP$77	expressao direta
Ficha Padrão	AP79	=$AP$77	expressao direta
Ficha Padrão	AP80	=$AP$77	expressao direta
Ficha Padrão	AP84	=$AP$77	expressao direta
Ficha Padrão	AP91	=$AP$77	expressao direta
Ficha Padrão	AP92	=$AP$77	expressao direta
Ficha Padrão	AQ62	=IF(AND($J$72>=AR62,AR72>$AK$62),$AJ$62,$AJ$63)	condicional (se ... entao ... senao ...)
Ficha Padrão	AQ63	=IF(AND($J$72>=AR63,AR72>$AK$63),$AJ$62,$AJ$63)	condicional (se ... entao ... senao ...)
Ficha Padrão	AQ64	=IF(AND($J$72>=AR64,AR72>$AK$64),$AJ$62,$AJ$63)	condicional (se ... entao ... senao ...)
Ficha Padrão	AQ66	=IF(AND($J$72>=AR66,AR72>$AK$66),$AJ$62,$AJ$63)	condicional (se ... entao ... senao ...)
Ficha Padrão	AQ67	=IF(AND($J$72>=AR67,AR72>$AK$67),$AJ$62,$AJ$63)	condicional (se ... entao ... senao ...)
Ficha Padrão	AQ68	=IF(AND($J$72>=AR68,AR72>$AK$68),$AJ$62,$AJ$63)	condicional (se ... entao ... senao ...)
Ficha Padrão	AQ69	=IF(AND($J$72>=AR69,AR72>$AK$69),$AJ$62,$AJ$63)	condicional (se ... entao ... senao ...)
Ficha Padrão	AQ70	=IF(AND($J$72>=AR70,AR72>$AK$70),$AJ$62,$AJ$63)	condicional (se ... entao ... senao ...)
Ficha Padrão	AQ71	=IF(AND($J$72>=AR71,AR72>$AK$71),$AJ$62,$AJ$63)	condicional (se ... entao ... senao ...)
Ficha Padrão	AR62	=AR74*$AK$62	calculo aritmetico
Ficha Padrão	AR63	=AR74*$AK$63	calculo aritmetico
Ficha Padrão	AR64	=AR74*$AK$64	calculo aritmetico
Ficha Padrão	AR66	=AR74*$AK$66	calculo aritmetico
Ficha Padrão	AR67	=AR74*$AK$67	calculo aritmetico
Ficha Padrão	AR68	=AR74*$AK$68	calculo aritmetico
Ficha Padrão	AR69	=AR74*$AK$69	calculo aritmetico
Ficha Padrão	AR70	=AR74*$AK$70	calculo aritmetico
Ficha Padrão	AR71	=AR74*$AK$71	calculo aritmetico
Ficha Padrão	AR72	=$J$72/AR74	calculo aritmetico
Ficha Padrão	AR83	=IFERROR(VLOOKUP($AJ$62,AQ62:AR71,2,0),$AJ$63)	se der erro usa valor alternativo; procura valor em tabela e retorna coluna
Ficha Padrão	AR85	=$AR$83	expressao direta
Ficha Padrão	AR88	=$AR$83	expressao direta
Ficha Padrão	AR90	=$AR$83	expressao direta
Ficha Padrão	AR92	=$AR$83	expressao direta
Ficha Padrão	AR94	=$AR$83	expressao direta
Ficha Padrão	AR96	=$AR$83	expressao direta
Ficha Padrão	AR97	=$AR$83	expressao direta
Ficha Padrão	AS62	=IF(AND($J$72>=AT62,AT72>$AK$62),$AJ$62,$AJ$63)	condicional (se ... entao ... senao ...)
Ficha Padrão	AS63	=IF(AND($J$72>=AT63,AT72>$AK$63),$AJ$62,$AJ$63)	condicional (se ... entao ... senao ...)
Ficha Padrão	AS64	=IF(AND($J$72>=AT64,AT72>$AK$64),$AJ$62,$AJ$63)	condicional (se ... entao ... senao ...)
Ficha Padrão	AS66	=IF(AND($J$72>=AT66,AT72>$AK$66),$AJ$62,$AJ$63)	condicional (se ... entao ... senao ...)
Ficha Padrão	AS67	=IF(AND($J$72>=AT67,AT72>$AK$67),$AJ$62,$AJ$63)	condicional (se ... entao ... senao ...)
Ficha Padrão	AS68	=IF(AND($J$72>=AT68,AT72>$AK$68),$AJ$62,$AJ$63)	condicional (se ... entao ... senao ...)
Ficha Padrão	AS69	=IF(AND($J$72>=AT69,AT72>$AK$69),$AJ$62,$AJ$63)	condicional (se ... entao ... senao ...)
Ficha Padrão	AS70	=IF(AND($J$72>=AT70,AT72>$AK$70),$AJ$62,$AJ$63)	condicional (se ... entao ... senao ...)
Ficha Padrão	AS71	=IF(AND($J$72>=AT71,AT72>$AK$71),$AJ$62,$AJ$63)	condicional (se ... entao ... senao ...)
Ficha Padrão	AT62	=AT74*$AK$62	calculo aritmetico
Ficha Padrão	AT63	=AT74*$AK$63	calculo aritmetico
Ficha Padrão	AT64	=AT74*$AK$64	calculo aritmetico
Ficha Padrão	AT66	=AT74*$AK$66	calculo aritmetico
Ficha Padrão	AT67	=AT74*$AK$67	calculo aritmetico
Ficha Padrão	AT68	=AT74*$AK$68	calculo aritmetico
Ficha Padrão	AT69	=AT74*$AK$69	calculo aritmetico
Ficha Padrão	AT70	=AT74*$AK$70	calculo aritmetico
Ficha Padrão	AT71	=AT74*$AK$71	calculo aritmetico
Ficha Padrão	AT72	=$J$72/AT74	calculo aritmetico
Ficha Padrão	AT81	=IFERROR(VLOOKUP($AJ$62,AS62:AT71,2,0),$AJ$63)	se der erro usa valor alternativo; procura valor em tabela e retorna coluna
Ficha Padrão	AT82	=$AT$81	expressao direta
Ficha Padrão	AT83	=$AT$81	expressao direta
Ficha Padrão	AT86	=$AT$81	expressao direta
Ficha Padrão	AU62	=IF(AND($J$72>=AV62,AV72>$AK$62),$AJ$62,$AJ$63)	condicional (se ... entao ... senao ...)
Ficha Padrão	AU63	=IF(AND($J$72>=AV63,AV72>$AK$63),$AJ$62,$AJ$63)	condicional (se ... entao ... senao ...)
Ficha Padrão	AU64	=IF(AND($J$72>=AV64,AV72>$AK$64),$AJ$62,$AJ$63)	condicional (se ... entao ... senao ...)
Ficha Padrão	AU66	=IF(AND($J$72>=AV66,AV72>$AK$66),$AJ$62,$AJ$63)	condicional (se ... entao ... senao ...)
Ficha Padrão	AU67	=IF(AND($J$72>=AV67,AV72>$AK$67),$AJ$62,$AJ$63)	condicional (se ... entao ... senao ...)
Ficha Padrão	AU68	=IF(AND($J$72>=AV68,AV72>$AK$68),$AJ$62,$AJ$63)	condicional (se ... entao ... senao ...)
Ficha Padrão	AU69	=IF(AND($J$72>=AV69,AV72>$AK$69),$AJ$62,$AJ$63)	condicional (se ... entao ... senao ...)
Ficha Padrão	AU70	=IF(AND($J$72>=AV70,AV72>$AK$70),$AJ$62,$AJ$63)	condicional (se ... entao ... senao ...)
Ficha Padrão	AU71	=IF(AND($J$72>=AV71,AV72>$AK$71),$AJ$62,$AJ$63)	condicional (se ... entao ... senao ...)
Ficha Padrão	AV62	=AV74*$AK$62	calculo aritmetico
Ficha Padrão	AV63	=AV74*$AK$63	calculo aritmetico
Ficha Padrão	AV64	=AV74*$AK$64	calculo aritmetico
Ficha Padrão	AV66	=AV74*$AK$66	calculo aritmetico
Ficha Padrão	AV67	=AV74*$AK$67	calculo aritmetico
Ficha Padrão	AV68	=AV74*$AK$68	calculo aritmetico
Ficha Padrão	AV69	=AV74*$AK$69	calculo aritmetico
Ficha Padrão	AV70	=AV74*$AK$70	calculo aritmetico
Ficha Padrão	AV71	=AV74*$AK$71	calculo aritmetico
Ficha Padrão	AV72	=$J$72/AV74	calculo aritmetico
Ficha Padrão	AV77	=IFERROR(VLOOKUP($AJ$62,AU62:AV71,2,0),$AJ$63)	se der erro usa valor alternativo; procura valor em tabela e retorna coluna
Ficha Padrão	AV78	=$AV$77	expressao direta
Ficha Padrão	AV79	=$AV$77	expressao direta
Ficha Padrão	AV80	=$AV$77	expressao direta
Ficha Padrão	AV84	=$AV$77	expressao direta
Ficha Padrão	AV85	=$AV$77	expressao direta
Ficha Padrão	AV86	=$AV$77	expressao direta
Ficha Padrão	AV87	=$AV$77	expressao direta
Ficha Padrão	AV88	=$AV$77	expressao direta
Ficha Padrão	AV89	=$AV$77	expressao direta
Ficha Padrão	AV95	=$AV$77	expressao direta
Ficha Padrão	AV96	=$AV$77	expressao direta
Ficha Padrão	AW62	=IF(AND($J$72>=AX62,AX72>$AK$62),$AJ$62,$AJ$63)	condicional (se ... entao ... senao ...)
Ficha Padrão	AW63	=IF(AND($J$72>=AX63,AX72>$AK$63),$AJ$62,$AJ$63)	condicional (se ... entao ... senao ...)
Ficha Padrão	AW64	=IF(AND($J$72>=AX64,AX72>$AK$64),$AJ$62,$AJ$63)	condicional (se ... entao ... senao ...)
Ficha Padrão	AW66	=IF(AND($J$72>=AX66,AX72>$AK$66),$AJ$62,$AJ$63)	condicional (se ... entao ... senao ...)
Ficha Padrão	AW67	=IF(AND($J$72>=AX67,AX72>$AK$67),$AJ$62,$AJ$63)	condicional (se ... entao ... senao ...)
Ficha Padrão	AW68	=IF(AND($J$72>=AX68,AX72>$AK$68),$AJ$62,$AJ$63)	condicional (se ... entao ... senao ...)
Ficha Padrão	AW69	=IF(AND($J$72>=AX69,AX72>$AK$69),$AJ$62,$AJ$63)	condicional (se ... entao ... senao ...)
Ficha Padrão	AW70	=IF(AND($J$72>=AX70,AX72>$AK$70),$AJ$62,$AJ$63)	condicional (se ... entao ... senao ...)
Ficha Padrão	AW71	=IF(AND($J$72>=AX71,AX72>$AK$71),$AJ$62,$AJ$63)	condicional (se ... entao ... senao ...)
Ficha Padrão	AX62	=AX74*$AK$62	calculo aritmetico
Ficha Padrão	AX63	=AX74*$AK$63	calculo aritmetico
Ficha Padrão	AX64	=AX74*$AK$64	calculo aritmetico
Ficha Padrão	AX66	=AX74*$AK$66	calculo aritmetico
Ficha Padrão	AX67	=AX74*$AK$67	calculo aritmetico
Ficha Padrão	AX68	=AX74*$AK$68	calculo aritmetico
Ficha Padrão	AX69	=AX74*$AK$69	calculo aritmetico
Ficha Padrão	AX70	=AX74*$AK$70	calculo aritmetico
Ficha Padrão	AX71	=AX74*$AK$71	calculo aritmetico
Ficha Padrão	AX72	=$J$72/AX74	calculo aritmetico
Ficha Padrão	AX81	=IFERROR(VLOOKUP($AJ$62,AW62:AX71,2,0),$AJ$63)	se der erro usa valor alternativo; procura valor em tabela e retorna coluna
Ficha Padrão	AX82	=$AX$81	expressao direta
Ficha Padrão	AX83	=$AX$81	expressao direta
Ficha Padrão	AX89	=$AX$81	expressao direta
Ficha Padrão	AX91	=$AX$81	expressao direta
Ficha Padrão	AX93	=$AX$81	expressao direta
Ficha Padrão	AX94	=$AX$81	expressao direta
Ficha Padrão	AY62	=IF(AND($J$72>=AZ62,AZ72>$AK$62),$AJ$62,$AJ$63)	condicional (se ... entao ... senao ...)
Ficha Padrão	AY63	=IF(AND($J$72>=AZ63,AZ72>$AK$63),$AJ$62,$AJ$63)	condicional (se ... entao ... senao ...)
Ficha Padrão	AY64	=IF(AND($J$72>=AZ64,AZ72>$AK$64),$AJ$62,$AJ$63)	condicional (se ... entao ... senao ...)
Ficha Padrão	AY66	=IF(AND($J$72>=AZ66,AZ72>$AK$66),$AJ$62,$AJ$63)	condicional (se ... entao ... senao ...)
Ficha Padrão	AY67	=IF(AND($J$72>=AZ67,AZ72>$AK$67),$AJ$62,$AJ$63)	condicional (se ... entao ... senao ...)
Ficha Padrão	AY68	=IF(AND($J$72>=AZ68,AZ72>$AK$68),$AJ$62,$AJ$63)	condicional (se ... entao ... senao ...)
Ficha Padrão	AY69	=IF(AND($J$72>=AZ69,AZ72>$AK$69),$AJ$62,$AJ$63)	condicional (se ... entao ... senao ...)
Ficha Padrão	AY70	=IF(AND($J$72>=AZ70,AZ72>$AK$70),$AJ$62,$AJ$63)	condicional (se ... entao ... senao ...)
Ficha Padrão	AY71	=IF(AND($J$72>=AZ71,AZ72>$AK$71),$AJ$62,$AJ$63)	condicional (se ... entao ... senao ...)
Ficha Padrão	AZ62	=AZ74*$AK$62	calculo aritmetico
Ficha Padrão	AZ63	=AZ74*$AK$63	calculo aritmetico
Ficha Padrão	AZ64	=AZ74*$AK$64	calculo aritmetico
Ficha Padrão	AZ66	=AZ74*$AK$66	calculo aritmetico
Ficha Padrão	AZ67	=AZ74*$AK$67	calculo aritmetico
Ficha Padrão	AZ68	=AZ74*$AK$68	calculo aritmetico
Ficha Padrão	AZ69	=AZ74*$AK$69	calculo aritmetico
Ficha Padrão	AZ70	=AZ74*$AK$70	calculo aritmetico
Ficha Padrão	AZ71	=AZ74*$AK$71	calculo aritmetico
Ficha Padrão	AZ72	=$J$72/AZ74	calculo aritmetico
Ficha Padrão	AZ88	=IFERROR(VLOOKUP($AJ$62,AY62:AZ71,2,0),$AJ$63)	se der erro usa valor alternativo; procura valor em tabela e retorna coluna
Ficha Padrão	AZ90	=$AZ$88	expressao direta
Ficha Padrão	B4	=Y4&E16	concatena valores
Ficha Padrão	B78	=B77+1	calculo aritmetico
Ficha Padrão	B79	=B78+1	calculo aritmetico
Ficha Padrão	B80	=B79+1	calculo aritmetico
Ficha Padrão	B81	=B80+1	calculo aritmetico
Ficha Padrão	B82	=B81+1	calculo aritmetico
Ficha Padrão	B83	=B82+1	calculo aritmetico
Ficha Padrão	B84	=B83+1	calculo aritmetico
Ficha Padrão	B85	=B84+1	calculo aritmetico
Ficha Padrão	B86	=B85+1	calculo aritmetico
Ficha Padrão	B87	=B86+1	calculo aritmetico
Ficha Padrão	B88	=B87+1	calculo aritmetico
Ficha Padrão	B89	=B88+1	calculo aritmetico
Ficha Padrão	B90	=B89+1	calculo aritmetico
Ficha Padrão	B91	=B90+1	calculo aritmetico
Ficha Padrão	B92	=B91+1	calculo aritmetico
Ficha Padrão	B93	=B92+1	calculo aritmetico
Ficha Padrão	B94	=B93+1	calculo aritmetico
Ficha Padrão	B95	=B94+1	calculo aritmetico
Ficha Padrão	B96	=B95+1	calculo aritmetico
Ficha Padrão	B97	=B96+1	calculo aritmetico
Ficha Padrão	B98	=B97+1	calculo aritmetico
Ficha Padrão	B99	=B98+1	calculo aritmetico
Ficha Padrão	BA62	=IF(AND($J$72>=BB62,BB72>$AK$62),$AJ$62,$AJ$63)	condicional (se ... entao ... senao ...)
Ficha Padrão	BA63	=IF(AND($J$72>=BB63,BB72>$AK$63),$AJ$62,$AJ$63)	condicional (se ... entao ... senao ...)
Ficha Padrão	BA64	=IF(AND($J$72>=BB64,BB72>$AK$64),$AJ$62,$AJ$63)	condicional (se ... entao ... senao ...)
Ficha Padrão	BA66	=IF(AND($J$72>=BB66,BB72>$AK$66),$AJ$62,$AJ$63)	condicional (se ... entao ... senao ...)
Ficha Padrão	BA67	=IF(AND($J$72>=BB67,BB72>$AK$67),$AJ$62,$AJ$63)	condicional (se ... entao ... senao ...)
Ficha Padrão	BA68	=IF(AND($J$72>=BB68,BB72>$AK$68),$AJ$62,$AJ$63)	condicional (se ... entao ... senao ...)
Ficha Padrão	BA69	=IF(AND($J$72>=BB69,BB72>$AK$69),$AJ$62,$AJ$63)	condicional (se ... entao ... senao ...)
Ficha Padrão	BA70	=IF(AND($J$72>=BB70,BB72>$AK$70),$AJ$62,$AJ$63)	condicional (se ... entao ... senao ...)
Ficha Padrão	BA71	=IF(AND($J$72>=BB71,BB72>$AK$71),$AJ$62,$AJ$63)	condicional (se ... entao ... senao ...)
Ficha Padrão	BB62	=BB74*$AK$62	calculo aritmetico
Ficha Padrão	BB63	=BB74*$AK$63	calculo aritmetico
Ficha Padrão	BB64	=BB74*$AK$64	calculo aritmetico
Ficha Padrão	BB66	=BB74*$AK$66	calculo aritmetico
Ficha Padrão	BB67	=BB74*$AK$67	calculo aritmetico
Ficha Padrão	BB68	=BB74*$AK$68	calculo aritmetico
Ficha Padrão	BB69	=BB74*$AK$69	calculo aritmetico
Ficha Padrão	BB70	=BB74*$AK$70	calculo aritmetico
Ficha Padrão	BB71	=BB74*$AK$71	calculo aritmetico
Ficha Padrão	BB72	=$J$72/BB74	calculo aritmetico
Ficha Padrão	BB85	=IFERROR(VLOOKUP($AJ$62,BA62:BB71,2,0),$AJ$63)	se der erro usa valor alternativo; procura valor em tabela e retorna coluna
Ficha Padrão	BB87	=$BB$85	expressao direta
Ficha Padrão	BC62	=IF(AND($J$72>=BD62,BD72>$AK$62),$AJ$62,$AJ$63)	condicional (se ... entao ... senao ...)
Ficha Padrão	BC63	=IF(AND($J$72>=BD63,BD72>$AK$63),$AJ$62,$AJ$63)	condicional (se ... entao ... senao ...)
Ficha Padrão	BC64	=IF(AND($J$72>=BD64,BD72>$AK$64),$AJ$62,$AJ$63)	condicional (se ... entao ... senao ...)
Ficha Padrão	BC66	=IF(AND($J$72>=BD66,BD72>$AK$66),$AJ$62,$AJ$63)	condicional (se ... entao ... senao ...)
Ficha Padrão	BC67	=IF(AND($J$72>=BD67,BD72>$AK$67),$AJ$62,$AJ$63)	condicional (se ... entao ... senao ...)
Ficha Padrão	BC68	=IF(AND($J$72>=BD68,BD72>$AK$68),$AJ$62,$AJ$63)	condicional (se ... entao ... senao ...)
Ficha Padrão	BC69	=IF(AND($J$72>=BD69,BD72>$AK$69),$AJ$62,$AJ$63)	condicional (se ... entao ... senao ...)
Ficha Padrão	BC70	=IF(AND($J$72>=BD70,BD72>$AK$70),$AJ$62,$AJ$63)	condicional (se ... entao ... senao ...)
Ficha Padrão	BC71	=IF(AND($J$72>=BD71,BD72>$AK$71),$AJ$62,$AJ$63)	condicional (se ... entao ... senao ...)
Ficha Padrão	BD62	=BD74*$AK$62	calculo aritmetico
Ficha Padrão	BD63	=BD74*$AK$63	calculo aritmetico
Ficha Padrão	BD64	=BD74*$AK$64	calculo aritmetico
Ficha Padrão	BD66	=BD74*$AK$66	calculo aritmetico
Ficha Padrão	BD67	=BD74*$AK$67	calculo aritmetico
Ficha Padrão	BD68	=BD74*$AK$68	calculo aritmetico
Ficha Padrão	BD69	=BD74*$AK$69	calculo aritmetico
Ficha Padrão	BD70	=BD74*$AK$70	calculo aritmetico
Ficha Padrão	BD71	=BD74*$AK$71	calculo aritmetico
Ficha Padrão	BD72	=$J$72/BD74	calculo aritmetico
Ficha Padrão	BD85	=IFERROR(VLOOKUP($AJ$62,BC62:BD71,2,0),$AJ$63)	se der erro usa valor alternativo; procura valor em tabela e retorna coluna
Ficha Padrão	BD87	=$BD$85	expressao direta
Ficha Padrão	BD89	=$BD$85	expressao direta
Ficha Padrão	BD90	=$BD$85	expressao direta
Ficha Padrão	BD91	=$BD$85	expressao direta
Ficha Padrão	BD92	=$BD$85	expressao direta
Ficha Padrão	BD93	=$BD$85	expressao direta
Ficha Padrão	BD94	=$BD$85	expressao direta
Ficha Padrão	BD95	=$BD$85	expressao direta
Ficha Padrão	BD96	=$BD$85	expressao direta
Ficha Padrão	BD97	=$BD$85	expressao direta
Ficha Padrão	BD98	=$BD$85	expressao direta
Ficha Padrão	BE62	=IF(AND($J$72>=BF62,BF72>$AK$62),$AJ$62,$AJ$63)	condicional (se ... entao ... senao ...)
Ficha Padrão	BE63	=IF(AND($J$72>=BF63,BF72>$AK$63),$AJ$62,$AJ$63)	condicional (se ... entao ... senao ...)
Ficha Padrão	BE64	=IF(AND($J$72>=BF64,BF72>$AK$64),$AJ$62,$AJ$63)	condicional (se ... entao ... senao ...)
Ficha Padrão	BE66	=IF(AND($J$72>=BF66,BF72>$AK$66),$AJ$62,$AJ$63)	condicional (se ... entao ... senao ...)
Ficha Padrão	BE67	=IF(AND($J$72>=BF67,BF72>$AK$67),$AJ$62,$AJ$63)	condicional (se ... entao ... senao ...)
Ficha Padrão	BE68	=IF(AND($J$72>=BF68,BF72>$AK$68),$AJ$62,$AJ$63)	condicional (se ... entao ... senao ...)
Ficha Padrão	BE69	=IF(AND($J$72>=BF69,BF72>$AK$69),$AJ$62,$AJ$63)	condicional (se ... entao ... senao ...)
Ficha Padrão	BE70	=IF(AND($J$72>=BF70,BF72>$AK$70),$AJ$62,$AJ$63)	condicional (se ... entao ... senao ...)
Ficha Padrão	BE71	=IF(AND($J$72>=BF71,BF72>$AK$71),$AJ$62,$AJ$63)	condicional (se ... entao ... senao ...)
Ficha Padrão	BF62	=BF74*$AK$62	calculo aritmetico
Ficha Padrão	BF63	=BF74*$AK$63	calculo aritmetico
Ficha Padrão	BF64	=BF74*$AK$64	calculo aritmetico
Ficha Padrão	BF66	=BF74*$AK$66	calculo aritmetico
Ficha Padrão	BF67	=BF74*$AK$67	calculo aritmetico
Ficha Padrão	BF68	=BF74*$AK$68	calculo aritmetico
Ficha Padrão	BF69	=BF74*$AK$69	calculo aritmetico
Ficha Padrão	BF70	=BF74*$AK$70	calculo aritmetico
Ficha Padrão	BF71	=BF74*$AK$71	calculo aritmetico
Ficha Padrão	BF72	=$J$72/BF74	calculo aritmetico
Ficha Padrão	BF87	=IFERROR(VLOOKUP($AJ$62,BE62:BF71,2,0),$AJ$63)	se der erro usa valor alternativo; procura valor em tabela e retorna coluna
Ficha Padrão	BF93	=$BF$87	expressao direta
Ficha Padrão	C77	=IFERROR(VLOOKUP(AD77,'Tabela de verificações'!B:G,5,0),"")	se der erro usa valor alternativo; procura valor em tabela e retorna coluna
Ficha Padrão	C78	=IFERROR(VLOOKUP(AD78,'Tabela de verificações'!B:G,5,0),"")	se der erro usa valor alternativo; procura valor em tabela e retorna coluna
Ficha Padrão	C79	=IFERROR(VLOOKUP(AD79,'Tabela de verificações'!B:G,5,0),"")	se der erro usa valor alternativo; procura valor em tabela e retorna coluna
Ficha Padrão	C80	=IFERROR(VLOOKUP(AD80,'Tabela de verificações'!B:G,5,0),"")	se der erro usa valor alternativo; procura valor em tabela e retorna coluna
Ficha Padrão	C81	=IFERROR(VLOOKUP(AD81,'Tabela de verificações'!B:G,5,0),"")	se der erro usa valor alternativo; procura valor em tabela e retorna coluna
Ficha Padrão	C82	=IFERROR(VLOOKUP(AD82,'Tabela de verificações'!B:G,5,0),"")	se der erro usa valor alternativo; procura valor em tabela e retorna coluna
Ficha Padrão	C83	=IFERROR(VLOOKUP(AD83,'Tabela de verificações'!B:G,5,0),"")	se der erro usa valor alternativo; procura valor em tabela e retorna coluna
Ficha Padrão	C84	=IFERROR(VLOOKUP(AD84,'Tabela de verificações'!B:G,5,0),"")	se der erro usa valor alternativo; procura valor em tabela e retorna coluna
Ficha Padrão	C85	=IFERROR(VLOOKUP(AD85,'Tabela de verificações'!B:G,5,0),"")	se der erro usa valor alternativo; procura valor em tabela e retorna coluna
Ficha Padrão	C86	=IFERROR(VLOOKUP(AD86,'Tabela de verificações'!B:G,5,0),"")	se der erro usa valor alternativo; procura valor em tabela e retorna coluna
Ficha Padrão	C87	=IFERROR(VLOOKUP(AD87,'Tabela de verificações'!B:G,5,0),"")	se der erro usa valor alternativo; procura valor em tabela e retorna coluna
Ficha Padrão	C88	=IFERROR(VLOOKUP(AD88,'Tabela de verificações'!B:G,5,0),"")	se der erro usa valor alternativo; procura valor em tabela e retorna coluna
Ficha Padrão	C89	=IFERROR(VLOOKUP(AD89,'Tabela de verificações'!B:G,5,0),"")	se der erro usa valor alternativo; procura valor em tabela e retorna coluna
Ficha Padrão	C90	=IFERROR(VLOOKUP(AD90,'Tabela de verificações'!B:G,5,0),"")	se der erro usa valor alternativo; procura valor em tabela e retorna coluna
Ficha Padrão	C91	=IFERROR(VLOOKUP(AD91,'Tabela de verificações'!B:G,5,0),"")	se der erro usa valor alternativo; procura valor em tabela e retorna coluna
Ficha Padrão	C92	=IFERROR(VLOOKUP(AD92,'Tabela de verificações'!B:G,5,0),"")	se der erro usa valor alternativo; procura valor em tabela e retorna coluna
Ficha Padrão	C93	=IFERROR(VLOOKUP(AD93,'Tabela de verificações'!B:G,5,0),"")	se der erro usa valor alternativo; procura valor em tabela e retorna coluna
Ficha Padrão	C94	=IFERROR(VLOOKUP(AD94,'Tabela de verificações'!B:G,5,0),"")	se der erro usa valor alternativo; procura valor em tabela e retorna coluna
Ficha Padrão	C95	=IFERROR(VLOOKUP(AD95,'Tabela de verificações'!B:G,5,0),"")	se der erro usa valor alternativo; procura valor em tabela e retorna coluna
Ficha Padrão	C97	=IFERROR(VLOOKUP(AD97,'Tabela de verificações'!B:G,5,0),"")	se der erro usa valor alternativo; procura valor em tabela e retorna coluna
Ficha Padrão	C98	=IFERROR(VLOOKUP(AD98,'Tabela de verificações'!B:G,5,0),"")	se der erro usa valor alternativo; procura valor em tabela e retorna coluna
Ficha Padrão	C99	=IFERROR(VLOOKUP(AD99,'Tabela de verificações'!B:G,5,0),"")	se der erro usa valor alternativo; procura valor em tabela e retorna coluna
Ficha Padrão	D10	=TODAY()	data de hoje
Ficha Padrão	D63	=VLOOKUP(E14,REPORTE!B:E,4,0)	procura valor em tabela e retorna coluna
Ficha Padrão	D8	=AF12&AC12&AH12&H14	concatena valores
Ficha Padrão	E16	=IF(D63=AU21,AF14,IF(D63=AV21,AF14,VLOOKUP(H14,Dados!D:E,2,0)))	condicional (se ... entao ... senao ...); procura valor em tabela e retorna coluna
Ficha Padrão	E18	=VLOOKUP(E14,REPORTE!B:C,2,0)	procura valor em tabela e retorna coluna
Ficha Padrão	G77	=IFERROR(VLOOKUP(AD77,'Tabela de verificações'!B:G,6,0),"")	se der erro usa valor alternativo; procura valor em tabela e retorna coluna
Ficha Padrão	G78	=IFERROR(VLOOKUP(AD78,'Tabela de verificações'!B:G,6,0),"")	se der erro usa valor alternativo; procura valor em tabela e retorna coluna
Ficha Padrão	G79	=IFERROR(VLOOKUP(AD79,'Tabela de verificações'!B:G,6,0),"")	se der erro usa valor alternativo; procura valor em tabela e retorna coluna
Ficha Padrão	G80	=IFERROR(VLOOKUP(AD80,'Tabela de verificações'!B:G,6,0),"")	se der erro usa valor alternativo; procura valor em tabela e retorna coluna
Ficha Padrão	G81	=IFERROR(VLOOKUP(AD81,'Tabela de verificações'!B:G,6,0),"")	se der erro usa valor alternativo; procura valor em tabela e retorna coluna
Ficha Padrão	G82	=IFERROR(VLOOKUP(AD82,'Tabela de verificações'!B:G,6,0),"")	se der erro usa valor alternativo; procura valor em tabela e retorna coluna
Ficha Padrão	G83	=IFERROR(VLOOKUP(AD83,'Tabela de verificações'!B:G,6,0),"")	se der erro usa valor alternativo; procura valor em tabela e retorna coluna
Ficha Padrão	G84	=IFERROR(VLOOKUP(AD84,'Tabela de verificações'!B:G,6,0),"")	se der erro usa valor alternativo; procura valor em tabela e retorna coluna
Ficha Padrão	G85	=IFERROR(VLOOKUP(AD85,'Tabela de verificações'!B:G,6,0),"")	se der erro usa valor alternativo; procura valor em tabela e retorna coluna
Ficha Padrão	G86	=IFERROR(VLOOKUP(AD86,'Tabela de verificações'!B:G,6,0),"")	se der erro usa valor alternativo; procura valor em tabela e retorna coluna
Ficha Padrão	G87	=IFERROR(VLOOKUP(AD87,'Tabela de verificações'!B:G,6,0),"")	se der erro usa valor alternativo; procura valor em tabela e retorna coluna
Ficha Padrão	G88	=IFERROR(VLOOKUP(AD88,'Tabela de verificações'!B:G,6,0),"")	se der erro usa valor alternativo; procura valor em tabela e retorna coluna
Ficha Padrão	G89	=IFERROR(VLOOKUP(AD89,'Tabela de verificações'!B:G,6,0),"")	se der erro usa valor alternativo; procura valor em tabela e retorna coluna
Ficha Padrão	G90	=IFERROR(VLOOKUP(AD90,'Tabela de verificações'!B:G,6,0),"")	se der erro usa valor alternativo; procura valor em tabela e retorna coluna
Ficha Padrão	G91	=IFERROR(VLOOKUP(AD91,'Tabela de verificações'!B:G,6,0),"")	se der erro usa valor alternativo; procura valor em tabela e retorna coluna
Ficha Padrão	G92	=IFERROR(VLOOKUP(AD92,'Tabela de verificações'!B:G,6,0),"")	se der erro usa valor alternativo; procura valor em tabela e retorna coluna
Ficha Padrão	G93	=IFERROR(VLOOKUP(AD93,'Tabela de verificações'!B:G,6,0),"")	se der erro usa valor alternativo; procura valor em tabela e retorna coluna
Ficha Padrão	G94	=IFERROR(VLOOKUP(AD94,'Tabela de verificações'!B:G,6,0),"")	se der erro usa valor alternativo; procura valor em tabela e retorna coluna
Ficha Padrão	G95	=IFERROR(VLOOKUP(AD95,'Tabela de verificações'!B:G,6,0),"")	se der erro usa valor alternativo; procura valor em tabela e retorna coluna
Ficha Padrão	G97	=IFERROR(VLOOKUP(AD97,'Tabela de verificações'!B:G,6,0),"")	se der erro usa valor alternativo; procura valor em tabela e retorna coluna
Ficha Padrão	G98	=IFERROR(VLOOKUP(AD98,'Tabela de verificações'!B:G,6,0),"")	se der erro usa valor alternativo; procura valor em tabela e retorna coluna
Ficha Padrão	G99	=IFERROR(VLOOKUP(AD99,'Tabela de verificações'!B:G,6,0),"")	se der erro usa valor alternativo; procura valor em tabela e retorna coluna
Ficha Padrão	H14	=RIGHT(E14,4)	extrai caracteres da direita
Ficha Padrão	I77	=IF(IF(C77="","",MAX(AN77:BF77))=0,$J$72,IF(C77="","",MAX(AN77:BF77)))	condicional (se ... entao ... senao ...); pega o maior valor
Ficha Padrão	I78	=IF(IF(C78="","",MAX(AN78:BF78))=0,$J$72,IF(C78="","",MAX(AN78:BF78)))	condicional (se ... entao ... senao ...); pega o maior valor
Ficha Padrão	I79	=IF(IF(C79="","",MAX(AN79:BF79))=0,$J$72,IF(C79="","",MAX(AN79:BF79)))	condicional (se ... entao ... senao ...); pega o maior valor
Ficha Padrão	I80	=IF(IF(C80="","",MAX(AN80:BF80))=0,$J$72,IF(C80="","",MAX(AN80:BF80)))	condicional (se ... entao ... senao ...); pega o maior valor
Ficha Padrão	I81	=IF(IF(C81="","",MAX(AN81:BF81))=0,$J$72,IF(C81="","",MAX(AN81:BF81)))	condicional (se ... entao ... senao ...); pega o maior valor
Ficha Padrão	I82	=IF(IF(C82="","",MAX(AN82:BF82))=0,$J$72,IF(C82="","",MAX(AN82:BF82)))	condicional (se ... entao ... senao ...); pega o maior valor
Ficha Padrão	I83	=IF(IF(C83="","",MAX(AN83:BF83))=0,$J$72,IF(C83="","",MAX(AN83:BF83)))	condicional (se ... entao ... senao ...); pega o maior valor
Ficha Padrão	I84	=IF(IF(C84="","",MAX(AN84:BF84))=0,$J$72,IF(C84="","",MAX(AN84:BF84)))	condicional (se ... entao ... senao ...); pega o maior valor
Ficha Padrão	I85	=IF(IF(C85="","",MAX(AN85:BF85))=0,$J$72,IF(C85="","",MAX(AN85:BF85)))	condicional (se ... entao ... senao ...); pega o maior valor
Ficha Padrão	I86	=IF(IF(C86="","",MAX(AN86:BF86))=0,$J$72,IF(C86="","",MAX(AN86:BF86)))	condicional (se ... entao ... senao ...); pega o maior valor
Ficha Padrão	I87	=IF(IF(C87="","",MAX(AN87:BF87))=0,$J$72,IF(C87="","",MAX(AN87:BF87)))	condicional (se ... entao ... senao ...); pega o maior valor
Ficha Padrão	I88	=IF(IF(C88="","",MAX(AN88:BF88))=0,$J$72,IF(C88="","",MAX(AN88:BF88)))	condicional (se ... entao ... senao ...); pega o maior valor
Ficha Padrão	I89	=IF(IF(C89="","",MAX(AN89:BF89))=0,$J$72,IF(C89="","",MAX(AN89:BF89)))	condicional (se ... entao ... senao ...); pega o maior valor
Ficha Padrão	I90	=IF(IF(C90="","",MAX(AN90:BF90))=0,$J$72,IF(C90="","",MAX(AN90:BF90)))	condicional (se ... entao ... senao ...); pega o maior valor
Ficha Padrão	I91	=IF(IF(C91="","",MAX(AN91:BF91))=0,$J$72,IF(C91="","",MAX(AN91:BF91)))	condicional (se ... entao ... senao ...); pega o maior valor
Ficha Padrão	I92	=IF(IF(C92="","",MAX(AN92:BF92))=0,$J$72,IF(C92="","",MAX(AN92:BF92)))	condicional (se ... entao ... senao ...); pega o maior valor
Ficha Padrão	I93	=IF(IF(C93="","",MAX(AN93:BF93))=0,$J$72,IF(C93="","",MAX(AN93:BF93)))	condicional (se ... entao ... senao ...); pega o maior valor
Ficha Padrão	I94	=IF(IF(C94="","",MAX(AN94:BF94))=0,$J$72,IF(C94="","",MAX(AN94:BF94)))	condicional (se ... entao ... senao ...); pega o maior valor
Ficha Padrão	I95	=IF(IF(C95="","",MAX(AN95:BF95))=0,$J$72,IF(C95="","",MAX(AN95:BF95)))	condicional (se ... entao ... senao ...); pega o maior valor
Ficha Padrão	I97	=IF(IF(C97="","",MAX(AN97:BF97))=0,$J$72,IF(C97="","",MAX(AN97:BF97)))	condicional (se ... entao ... senao ...); pega o maior valor
Ficha Padrão	I98	=IF(IF(C98="","",MAX(AN98:BF98))=0,$J$72,IF(C98="","",MAX(AN98:BF98)))	condicional (se ... entao ... senao ...); pega o maior valor
Ficha Padrão	I99	=IF(IF(C99="","",MAX(AN99:BF99))=0,$J$72,IF(C99="","",MAX(AN99:BF99)))	condicional (se ... entao ... senao ...); pega o maior valor
Ficha Padrão	J68	=IF(E16=AF67,AF68,AJ68)	condicional (se ... entao ... senao ...)
Ficha Padrão	J69	=IF(E16=AH67,AH69,IF(E16=AF67,AF69,AJ69))	condicional (se ... entao ... senao ...)
Ficha Padrão	J72	=VLOOKUP(E14,REPORTE!B:H,7,0)	procura valor em tabela e retorna coluna
Ficha Padrão	K77	=IF(C77="","",AC77)	condicional (se ... entao ... senao ...)
Ficha Padrão	K78	=IF(C78="","",AC78)	condicional (se ... entao ... senao ...)
Ficha Padrão	K79	=IF(C79="","",AC79)	condicional (se ... entao ... senao ...)
Ficha Padrão	K80	=IF(C80="","",AC80)	condicional (se ... entao ... senao ...)
Ficha Padrão	K81	=IF(C81="","",AC81)	condicional (se ... entao ... senao ...)
Ficha Padrão	K82	=IF(C82="","",AC82)	condicional (se ... entao ... senao ...)
Ficha Padrão	K83	=IF(C83="","",AC83)	condicional (se ... entao ... senao ...)
Ficha Padrão	K84	=IF(C84="","",AC84)	condicional (se ... entao ... senao ...)
Ficha Padrão	K85	=IF(C85="","",AC85)	condicional (se ... entao ... senao ...)
Ficha Padrão	K86	=IF(C86="","",AC86)	condicional (se ... entao ... senao ...)
Ficha Padrão	K87	=IF(C87="","",AC87)	condicional (se ... entao ... senao ...)
Ficha Padrão	K88	=IF(C88="","",AC88)	condicional (se ... entao ... senao ...)
Ficha Padrão	K89	=IF(C89="","",AC89)	condicional (se ... entao ... senao ...)
Ficha Padrão	K90	=IF(C90="","",AC90)	condicional (se ... entao ... senao ...)
Ficha Padrão	K91	=IF(C91="","",AC91)	condicional (se ... entao ... senao ...)
Ficha Padrão	K92	=IF(C92="","",AC92)	condicional (se ... entao ... senao ...)
Ficha Padrão	K93	=IF(C93="","",AC93)	condicional (se ... entao ... senao ...)
Ficha Padrão	K94	=IF(C94="","",AC94)	condicional (se ... entao ... senao ...)
Ficha Padrão	K95	=IF(C95="","",AC95)	condicional (se ... entao ... senao ...)
Ficha Padrão	K96	=IF(C96="","",AC96)	condicional (se ... entao ... senao ...)
Ficha Padrão	K97	=IF(C97="","",AC97)	condicional (se ... entao ... senao ...)
Ficha Padrão	K98	=IF(C98="","",AC98)	condicional (se ... entao ... senao ...)
Ficha Padrão	K99	=IF(C99="","",AC99)	condicional (se ... entao ... senao ...)
Ficha Padrão	L77	=IF(C77="","",IF(AC77<>$AG$76,"",$AG$76))	condicional (se ... entao ... senao ...)
Ficha Padrão	L78	=IF(C78="","",IF(AC78<>$AG$76,"",$AG$76))	condicional (se ... entao ... senao ...)
Ficha Padrão	L79	=IF(C79="","",IF(AC79<>$AG$76,"",$AG$76))	condicional (se ... entao ... senao ...)
Ficha Padrão	L80	=IF(C80="","",IF(AC80<>$AG$76,"",$AG$76))	condicional (se ... entao ... senao ...)
Ficha Padrão	L81	=IF(C81="","",IF(AC81<>$AG$76,"",$AG$76))	condicional (se ... entao ... senao ...)
Ficha Padrão	L82	=IF(C82="","",IF(AC82<>$AG$76,"",$AG$76))	condicional (se ... entao ... senao ...)
Ficha Padrão	L83	=IF(C83="","",IF(AC83<>$AG$76,"",$AG$76))	condicional (se ... entao ... senao ...)
Ficha Padrão	L84	=IF(C84="","",IF(AC84<>$AG$76,"",$AG$76))	condicional (se ... entao ... senao ...)
Ficha Padrão	L85	=IF(C85="","",IF(AC85<>$AG$76,"",$AG$76))	condicional (se ... entao ... senao ...)
Ficha Padrão	L86	=IF(C86="","",IF(AC86<>$AG$76,"",$AG$76))	condicional (se ... entao ... senao ...)
Ficha Padrão	L87	=IF(C87="","",IF(AC87<>$AG$76,"",$AG$76))	condicional (se ... entao ... senao ...)
Ficha Padrão	L88	=IF(C88="","",IF(AC88<>$AG$76,"",$AG$76))	condicional (se ... entao ... senao ...)
Ficha Padrão	L89	=IF(C89="","",IF(AC89<>$AG$76,"",$AG$76))	condicional (se ... entao ... senao ...)
Ficha Padrão	L90	=IF(C90="","",IF(AC90<>$AG$76,"",$AG$76))	condicional (se ... entao ... senao ...)
Ficha Padrão	L91	=IF(C91="","",IF(AC91<>$AG$76,"",$AG$76))	condicional (se ... entao ... senao ...)
Ficha Padrão	L92	=IF(C92="","",IF(AC92<>$AG$76,"",$AG$76))	condicional (se ... entao ... senao ...)
Ficha Padrão	L93	=IF(C93="","",IF(AC93<>$AG$76,"",$AG$76))	condicional (se ... entao ... senao ...)
Ficha Padrão	L94	=IF(C94="","",IF(AC94<>$AG$76,"",$AG$76))	condicional (se ... entao ... senao ...)
Ficha Padrão	L95	=IF(C95="","",IF(AC95<>$AG$76,"",$AG$76))	condicional (se ... entao ... senao ...)
Ficha Padrão	L96	=IF(C96="","",IF(AC96<>$AG$76,"",$AG$76))	condicional (se ... entao ... senao ...)
Ficha Padrão	L97	=IF(C97="","",IF(AC97<>$AG$76,"",$AG$76))	condicional (se ... entao ... senao ...)
Ficha Padrão	L98	=IF(C98="","",IF(AC98<>$AG$76,"",$AG$76))	condicional (se ... entao ... senao ...)
Ficha Padrão	L99	=IF(C99="","",IF(AC99<>$AG$76,"",$AG$76))	condicional (se ... entao ... senao ...)
Ficha Padrão	M77	=L77	expressao direta
Ficha Padrão	M78	=L78	expressao direta
Ficha Padrão	M79	=L79	expressao direta
Ficha Padrão	M80	=L80	expressao direta
Ficha Padrão	M81	=L81	expressao direta
Ficha Padrão	M82	=L82	expressao direta
Ficha Padrão	M83	=L83	expressao direta
Ficha Padrão	M84	=L84	expressao direta
Ficha Padrão	M85	=L85	expressao direta
Ficha Padrão	M86	=L86	expressao direta
Ficha Padrão	M87	=L87	expressao direta
Ficha Padrão	M88	=L88	expressao direta
Ficha Padrão	M89	=L89	expressao direta
Ficha Padrão	M90	=L90	expressao direta
Ficha Padrão	M91	=L91	expressao direta
Ficha Padrão	M92	=L92	expressao direta
Ficha Padrão	M93	=L93	expressao direta
Ficha Padrão	M94	=L94	expressao direta
Ficha Padrão	M95	=L95	expressao direta
Ficha Padrão	M96	=L96	expressao direta
Ficha Padrão	M97	=L97	expressao direta
Ficha Padrão	M98	=L98	expressao direta
Ficha Padrão	M99	=L99	expressao direta
Ficha Padrão	U30	=COUNTIF(REPORTE!B:B,E14)	condicional (se ... entao ... senao ...); conta ocorrencias que atendem criterio
